d%,Oggetto Infimo Senza Slot,Prezzo,Peso,Fonte,Unnamed: 5,Unnamed: 6
01,Piuma Incantata  (  Ancora  ),Oggetto Infimo Senza Slot,Nessuno,50 mo,-,Manuale di Gioco
02,Solvente Universale,Oggetto Infimo Senza Slot,Nessuno,50 mo,-,Manuale di Gioco
-,Impiastro per Ferite,Oggetto Infimo Senza Slot,Nessuno,50 mo,"0,25 kg",Guida alle Razze
03-04,Torcia Magica,Oggetto Infimo Senza Slot,Nessuno,75 mo,-,Guida del Giocatore
05,Chiodo Ostinato,Oggetto Infimo Senza Slot,Nessuno,75 mo,"0,25 kg",Guida all'Equipaggiamento
06,Pittura da Guerra del Volto Spaventoso,Oggetto Infimo Senza Slot,Nessuno,100 mo,-,Guida del Giocatore
07,Elisir d'Amore,Oggetto Infimo Senza Slot,Nessuno,150 mo,-,Manuale di Gioco
08,Unguento della Conservazione,Oggetto Infimo Senza Slot,Nessuno,150 mo,-,Manuale di Gioco
09,Piuma Incantata  (  Ventaglio  ),Oggetto Infimo Senza Slot,Nessuno,200 mo,-,Manuale di Gioco
10,Alambicco delle Formule,Oggetto Infimo Senza Slot,Nessuno,200 mo,1 kg,Guida all'Equipaggiamento
11,Imbuto dell'Ibridazione,Oggetto Infimo Senza Slot,Nessuno,200 mo,1 kg,Guida all'Equipaggiamento
12,Sapone dell'Anima,Oggetto Infimo Senza Slot,Nessuno,200 mo,1 kg,Guida del Giocatore
13,Polvere Nascondi Tracce,Oggetto Infimo Senza Slot,Nessuno,250 mo,-,Manuale di Gioco
14-16,Elisir della FurtivitÃ,Oggetto Infimo Senza Slot,Nessuno,250 mo,-,Manuale di Gioco
17-19,Elisir del Nuotare,Oggetto Infimo Senza Slot,Nessuno,250 mo,-,Manuale di Gioco
20-22,Elisir dell'Acrobazia,Oggetto Infimo Senza Slot,Nessuno,250 mo,-,Manuale di Gioco
23-25,Elisir della Visione,Oggetto Infimo Senza Slot,Nessuno,250 mo,-,Manuale di Gioco
26-27,Stille di Notte,Oggetto Infimo Senza Slot,Nessuno,250 mo,-,Guida all'Equipaggiamento
28,Olio Silenziatore,Oggetto Infimo Senza Slot,Nessuno,250 mo,-,Guida al Combattimento
29-31,Bagliore Argenteo,Oggetto Infimo Senza Slot,Nessuno,250 mo,-,Manuale di Gioco
32,Multiuso del Viaggiatore,Oggetto Infimo Senza Slot,Nessuno,250 mo,1 kg,Guida all'Equipaggiamento
-,Elisir della Voce Tonante,Oggetto Infimo Senza Slot,Nessuno,250 mo,-,Guida alle Classi
33-34,Bottiglia dei Messaggi,Oggetto Infimo Senza Slot,Nessuno,300 mo,"0,5 kg",Guida del Giocatore
35-36,Piuma Incantata  (  Uccello  ),Oggetto Infimo Senza Slot,Nessuno,300 mo,-,Manuale di Gioco
37,Sciame di Origami,Oggetto Infimo Senza Slot,Nessuno,300 mo,-,Guida all'Equipaggiamento
-,Polvere della Fuga,Oggetto Infimo Senza Slot,Nessuno,300 mo,-,Guida alle Razze
-,Radice dell'Albero del Mondo Minore,Oggetto Infimo Senza Slot,Nessuno,300 mo,-,Avventure Mitiche
-,Moneta Falsa,Oggetto Infimo Senza Slot,Nessuno,375 mo,-,Avventure Occulte
38,Mela d'Oro Allettante,Oggetto Infimo Senza Slot,Nessuno,400 mo,"0,5 kg",Guida all'Equipaggiamento
39,Piuma Incantata  (  Albero  ),Oggetto Infimo Senza Slot,Nessuno,400 mo,-,Manuale di Gioco
40,Chiave Bloccaserratura,Oggetto Infimo Senza Slot,Nessuno,400 mo,"0,25 kg",Guida del Giocatore
-,Stecchino Pirotecnico,Oggetto Infimo Senza Slot,Nessuno,400 mo,-,Guida alle Classi
41-42,Piuma Incantata  (  Barca Cigno  ),Oggetto Infimo Senza Slot,Nessuno,450 mo,-,Manuale di Gioco
43,Ritratto Animato,Oggetto Infimo Senza Slot,Nessuno,500 mo,5 kg,Guida all'Equipaggiamento
44,Sfortuna in Bottiglia,Oggetto Infimo Senza Slot,Nessuno,500 mo,"0,5 kg",Guida all'Equipaggiamento
45-46,Elisir della VeritÃ,Oggetto Infimo Senza Slot,Nessuno,500 mo,-,Manuale di Gioco
47-48,Piuma Incantata  (  Frusta  ),Oggetto Infimo Senza Slot,Nessuno,500 mo,-,Manuale di Gioco
49-51,Fodero dell'Affilatura,Oggetto Infimo Senza Slot,Nessuno,500 mo,"0,5 kg",Guida all'Equipaggiamento
-,Effige di Cera,Oggetto Infimo Senza Slot,Nessuno,500 mo,"0,25 kg",Avventure Occulte
52-53,TÃ¨ del Veggente,Oggetto Infimo Senza Slot,Nessuno,550 mo,-,Guida all'Equipaggiamento
54-57,Sale Abiurante,Oggetto Infimo Senza Slot,Nessuno,600 mo,"0,5 kg",Guida all'Equipaggiamento
58-61,Magnete Attira Frecce,Oggetto Infimo Senza Slot,Nessuno,600 mo,-,Guida all'Equipaggiamento
62-63,Polvere Oscurante,Oggetto Infimo Senza Slot,Nessuno,600 mo,-,Guida all'Equipaggiamento
-,Polvere del Cantastorie,Oggetto Infimo Senza Slot,Nessuno,600 mo,-,Guida alle Classi
64-69,Biglia del Fuoco da Campo,Oggetto Infimo Senza Slot,Nessuno,720 mo,-,Guida del Giocatore
70-72,Torcia dell'Arconte,Oggetto Infimo Senza Slot,Nessuno,750 mo,"0,5 kg",Guida all'Equipaggiamento
73-75,Libro dell'Evocazione Estesa (Inferiore),Oggetto Infimo Senza Slot,Nessuno,750 mo,"0,5 kg",Guida all'Equipaggiamento
76-79,Corda di Ferro,Oggetto Infimo Senza Slot,Nessuno,750 mo,"0,5 kg",Guida all'Equipaggiamento
80-83,Fermagliofoglia,Oggetto Infimo Senza Slot,Nessuno,750 mo,-,Guida all'Equipaggiamento
-,Gemma Stella Kitsune (1Â°),Oggetto Infimo Senza Slot,Nessuno,750 mo,-,Guida alle Razze
-,Polvere dell'Assassino,Oggetto Infimo Senza Slot,Nessuno,750 mo,-,Guida alle Classi
84-86,Pelliccia di Yeti in Bottiglia,Oggetto Infimo Senza Slot,Nessuno,800 mo,-,Guida all'Equipaggiamento
87-89,Lucido Defogliante,Oggetto Infimo Senza Slot,Nessuno,800 mo,-,Guida del Giocatore
90-92,Polvere dell'Emulazione,Oggetto Infimo Senza Slot,Nessuno,800 mo,-,Guida del Giocatore
93-97,Calcolo Saldo,Oggetto Infimo Senza Slot,Nessuno,800 mo,1 kg,Guida all'Equipaggiamento
-,Incenso della Rivitalizzazione dello Spirito,Oggetto Infimo Senza Slot,Nessuno,800 mo,-,Avventure Occulte
98-100,Polvere Prosciugante,Oggetto Infimo Senza Slot,Nessuno,850 mo,-,Manuale di Gioco
-,Elisir della Potente Esalazione,Oggetto Infimo Senza Slot,Nessuno,900 mo,"0,5 kg",Guida alle Razze
-,Urlo Imbottigliato,Oggetto Infimo Senza Slot,Nessuno,900 mo,"0,25 kg",Guida alle Classi
d%,Oggetto Minore Inferiore,Prezzo,Peso,Fonte,,
01-03,Tirare sulla sezione Oggetto Infimo Senza Slot,-,-,-,-,-
04,Bambola Anatomica,Oggetto Minore Inferiore Senza Slot,Nessuno,1.000 mo,"0,5 kg",Guida all'Equipaggiamento
05,Biglia della Prevenzione del Tritone,Oggetto Minore Inferiore Senza Slot,Nessuno,1.000 mo,-,Guida all'Equipaggiamento
06,Marchio Lega-bestia,Oggetto Minore Inferiore Senza Slot,Nessuno,1.000 mo,-,Guida all'Equipaggiamento
07,Ex Libris del Richiamo,Oggetto Minore Inferiore Senza Slot,Nessuno,1.000 mo,-,Guida all'Equipaggiamento
08-09,Biglia di Boro (1Â°),Oggetto Minore Inferiore Senza Slot,Nessuno,1.000 mo,-,Guida all'Equipaggiamento
10,Tasca Occultante,Oggetto Minore Inferiore Senza Slot,Nessuno,1.000 mo,-,Guida all'Equipaggiamento
11,Sciroppo Rabdomante,Oggetto Minore Inferiore Senza Slot,Nessuno,1.000 mo,"0,25 kg",Guida all'Equipaggiamento
12,Incenso della Trascendenza,Oggetto Minore Inferiore Senza Slot,Nessuno,1.000 mo,"0,5 kg",Guida all'Equipaggiamento
13-14,Pagina della Conoscenza Magica (1Â°),Oggetto Minore Inferiore Senza Slot,Nessuno,1.000 mo,-,Guida all'Equipaggiamento
15-17,Perla del Potere (1Â°),Oggetto Minore Inferiore Senza Slot,Nessuno,1.000 mo,-,Manuale di Gioco
18,Ampolla Preservante (1Â°),Oggetto Minore Inferiore Senza Slot,Nessuno,1.000 mo,-,Guida all'Equipaggiamento
19-20,Pisside del Focus Ridiretto,Oggetto Minore Inferiore Senza Slot,Nessuno,1.000 mo,-,Guida all'Equipaggiamento
21-22,Balsamo della ScivolositÃ,Oggetto Minore Inferiore Senza Slot,Nessuno,1.000 mo,-,Manuale di Gioco
23,Nido di Vespe dello Sciamare,Oggetto Minore Inferiore Senza Slot,Nessuno,1.000 mo,2 kg,Guida all'Equipaggiamento
-,Brocca per Bevande Tengu,Oggetto Minore Inferiore Senza Slot,Nessuno,1.000 mo,1 kg,Guida alle Razze
-,Erbapipa del Fumo Solido,Oggetto Minore Inferiore Senza Slot,Nessuno,1.000 mo,-,Guida alle Razze
-,Reticolo Incantato (1Â°),Oggetto Minore Inferiore Senza Slot,Nessuno,1.000 mo,-,Guida alle Classi
-,Radice dell'Albero del Mondo Normale,Oggetto Minore Inferiore Senza Slot,Nessuno,1.000 mo,-,Avventure Mitiche
24-26,Elisir del Soffio di Fuoco,Oggetto Minore Inferiore Senza Slot,Nessuno,1.100 mo,-,Manuale di Gioco
27,Sale del Tumulo,Oggetto Minore Inferiore Senza Slot,Nessuno,1.100 mo,"2,5 kg",Guida all'Equipaggiamento
28-29,Flauto dei Topi,Oggetto Minore Inferiore Senza Slot,Nessuno,1.150 mo,"1,5 kg",Manuale di Gioco
30-31,Polvere dell'Illusione,Oggetto Minore Inferiore Senza Slot,Nessuno,1.200 mo,-,Manuale di Gioco
32-33,Bomba Teschio Goblin,Oggetto Minore Inferiore Senza Slot,Nessuno,1.200 mo,"0,5 kg",Guida all'Equipaggiamento
-,Elisir della Visione Oscura,Oggetto Minore Inferiore Senza Slot,Nessuno,1.200 mo,-,Guida alle Razze
34-35,Elisir del Soffio di Drago,Oggetto Minore Inferiore Senza Slot,Nessuno,1.400 mo,-,Guida all'Equipaggiamento
-,Erbe della Bestia Primordiale,Oggetto Minore Inferiore Senza Slot,Nessuno,1.400 mo,"0,25 kg",Avventure Mitiche
-,Incenso della CorporeitÃ,Oggetto Minore Inferiore Senza Slot,Nessuno,1.400 mo,"0,25 kg",Avventure Occulte
-,Lucido per Scaglie Nagaji,Oggetto Minore Inferiore Senza Slot,Nessuno,1.400 mo,"0,25 kg",Guida alle Razze
-,Polvere Anti-Fantasma,Oggetto Minore Inferiore Senza Slot,Nessuno,1.400 mo,"0,25 kg",Avventure Occulte
-,Vaso dell'Animale Profetico,Oggetto Minore Inferiore Senza Slot,Nessuno,1.400 mo,"2,5 kg",Avventure Occulte
36,Segnalibro dell'Inganno,Oggetto Minore Inferiore Senza Slot,Nessuno,1.500 mo,-,Guida all'Equipaggiamento
37,Parola in Bottiglia,Oggetto Minore Inferiore Senza Slot,Nessuno,1.500 mo,"0,5 kg",Guida all'Equipaggiamento
-,Bolla Portagioie,Oggetto Minore Inferiore Senza Slot,Nessuno,1.500 mo,-,Guida alle Razze
-,Candela di Protezione contro gli Spiriti,Oggetto Minore Inferiore Senza Slot,Nessuno,1.500 mo,"0,5 kg",Avventure Occulte
38,Polvere Deacidificante,Oggetto Minore Inferiore Senza Slot,Nessuno,1.600 mo,-,Guida all'Equipaggiamento
39-40,Polvere dell'Apparizione,Oggetto Minore Inferiore Senza Slot,Nessuno,1.800 mo,-,Manuale di Gioco
41-42,Faretra Efficiente,Oggetto Minore Inferiore Senza Slot,Nessuno,1.800 mo,1 kg,Manuale di Gioco
43,Flauto dei Suoni,Oggetto Minore Inferiore Senza Slot,Nessuno,1.800 mo,"1,5 kg",Manuale di Gioco
44,Fodero del Vigore,Oggetto Minore Inferiore Senza Slot,Nessuno,1.800 mo,"1,5 kg",Guida del Giocatore
45,Bastone da Montagna Agile,Oggetto Minore Inferiore Senza Slot,Nessuno,2.000 mo,"0,5 kg",Guida all'Equipaggiamento
46,Riserva di Sangue della Prodezza Fisica,Oggetto Minore Inferiore Senza Slot,Nessuno,2.000 mo,-,Guida all'Equipaggiamento
47,Carillon del Clamore,Oggetto Minore Inferiore Senza Slot,Nessuno,2.000 mo,1 kg,Guida del Giocatore
48,Corno per Polvere a Carica Asciutta,Oggetto Minore Inferiore Senza Slot,Nessuno,2.000 mo,"0,5 kg",Guida al Combattimento
49,Tamburo del Fuoco Goblin (Normale),Oggetto Minore Inferiore Senza Slot,Nessuno,2.000 mo,"0,5 kg",Guida all'Equipaggiamento
50-51,Zainetto Pratico,Oggetto Minore Inferiore Senza Slot,Nessuno,2.000 mo,"2,5 kg",Manuale di Gioco
52-53,Corno della Nebbia,Oggetto Minore Inferiore Senza Slot,Nessuno,2.000 mo,"0,5 kg",Manuale di Gioco
54,Punta di Metallo del Passaggio Sicuro,Oggetto Minore Inferiore Senza Slot,Nessuno,2.000 mo,1 kg,Guida all'Equipaggiamento
-,Incenso dell'Eidos,Oggetto Minore Inferiore Senza Slot,Nessuno,2.000 mo,"0,5 kg",Guida alle Classi
-,Lanterna delle Aure,Oggetto Minore Inferiore Senza Slot,Nessuno,2.000 mo,1 kg,Guida alle Classi
-,Liuto da Battaglia,Oggetto Minore Inferiore Senza Slot,Nessuno,2.000 mo,"1,5 kg",Guida alle Classi
-,Pietra Runica del Potere (1Â°),Oggetto Minore Inferiore Senza Slot,Nessuno,2.000 mo,-,Guida alle Classi
-,Polvere Ristorante,Oggetto Minore Inferiore Senza Slot,Nessuno,2.000 mo,-,Guida alle Classi
55,Vessillo del Cavaliere (Onore),Oggetto Minore Inferiore Senza Slot,Nessuno,2.200 mo,"0,5 kg",Guida del Giocatore
56-59,Vaporizzatore Volatile (1Â°),Oggetto Minore Inferiore Senza Slot,Nessuno,2.200 mo,-,Guida all'Equipaggiamento
60-62,Gemma Elementale,Oggetto Minore Inferiore Senza Slot,Nessuno,2.250 mo,-,Manuale di Gioco
63-64,Unguento del Volo,Oggetto Minore Inferiore Senza Slot,Nessuno,2.250 mo,-,Guida del Giocatore
-,Elisir del Cambio di Sesso,Oggetto Minore Inferiore Senza Slot,Nessuno,2.250 mo,-,Guida alle Classi
65,Colla Meravigliosa,Oggetto Minore Inferiore Senza Slot,Nessuno,2.400 mo,-,Manuale di Gioco
-,Osso di Troll,Oggetto Minore Inferiore Senza Slot,Nessuno,2.400 mo,"0,5 kg",Guida alle Classi
66,Mela del Sonno Eterno,Oggetto Minore Inferiore Senza Slot,Nessuno,2.500 mo,-,Guida del Giocatore
67-68,Borsa Conservante (Tipo I),Oggetto Minore Inferiore Senza Slot,Nessuno,2.500 mo,"7,5 kg",Manuale di Gioco
69,Candela della VeritÃ,Oggetto Minore Inferiore Senza Slot,Nessuno,2.500 mo,"0,25 kg",Manuale di Gioco
70,Bambola delle Fatture,Oggetto Minore Inferiore Senza Slot,Nessuno,2.500 mo,"0,5 kg",Guida all'Equipaggiamento
-,Estro del Maestro di Spada,Oggetto Minore Inferiore Senza Slot,Nessuno,2.500 mo,-,Guida alle Classi
-,Radice dell'Albero del Mondo Maggiore,Oggetto Minore Inferiore Senza Slot,Nessuno,2.500 mo,-,Avventure Mitiche
-,Ragno di Ottone,Oggetto Minore Inferiore Senza Slot,Nessuno,2.500 mo,1 kg,Guida alle Classi
71-72,Pietra dell'Allarme,Oggetto Minore Inferiore Senza Slot,Nessuno,2.700 mo,1 kg,Manuale di Gioco
73,Libro dell'Evocazione Estesa (Standard),Oggetto Minore Inferiore Senza Slot,Nessuno,2.750 mo,"0,5 kg",Guida all'Equipaggiamento
-,Acchiappasogni,Oggetto Minore Inferiore Senza Slot,Nessuno,2.800 mo,1 kg,Avventure Occulte
-,Incenso dei Pensieri Aperti,Oggetto Minore Inferiore Senza Slot,Nessuno,2.800 mo,"0,5 kg",Avventure Occulte
74-77,Biglia di Forza,Oggetto Minore Inferiore Senza Slot,Nessuno,3.000 mo,-,Manuale di Gioco
78,Calderone dell'Infusione,Oggetto Minore Inferiore Senza Slot,Nessuno,3.000 mo,"2,5 kg",Guida del Giocatore
79-80,Campana dell'Apertura,Oggetto Minore Inferiore Senza Slot,Nessuno,3.000 mo,"0,5 kg",Manuale di Gioco
81,Filtro d'Amore,Oggetto Minore Inferiore Senza Slot,Nessuno,3.000 mo,-,Guida del Giocatore
82-86,Corda per Scalare,Oggetto Minore Inferiore Senza Slot,Nessuno,3.000 mo,"1,5 kg",Manuale di Gioco
87-88,Vaporizzatore Volatile (2Â°),Oggetto Minore Inferiore Senza Slot,Nessuno,3.000 mo,-,Guida all'Equipaggiamento
-,Bacchetta ad Anelli,Oggetto Minore Inferiore Senza Slot,Nessuno,3.000 mo,4 kg,Guida alle Classi
-,Campana degli Spiriti Ritornanti,Oggetto Minore Inferiore Senza Slot,Nessuno,3.000 mo,"0,5 kg",Guida alle Classi
-,Gemma Stella Kitsune (2Â°),Oggetto Minore Inferiore Senza Slot,Nessuno,3.000 mo,-,Guida alle Razze
-,Lanterna Inestinguibile,Oggetto Minore Inferiore Senza Slot,Nessuno,3.000 mo,1 kg,Avventure Mitiche
89,Sudario della Disintegrazione,Oggetto Minore Inferiore Senza Slot,Nessuno,3.300 mo,5 kg,Guida all'Equipaggiamento
-,Incenso dei Molti Destini,Oggetto Minore Inferiore Senza Slot,Nessuno,3.300 mo,"0,5 kg",Guida alle Razze
90-92,Borsa degli Animali (Grigia),Oggetto Minore Inferiore Senza Slot,Nessuno,3.400 mo,-,Manuale di Gioco
93-95,Polvere della Sparizione,Oggetto Minore Inferiore Senza Slot,Nessuno,3.500 mo,-,Manuale di Gioco
96,Polvere del Pesante Fardello,Oggetto Minore Inferiore Senza Slot,Nessuno,3.600 mo,-,Guida all'Equipaggiamento
97,Portapillole Vigile del Nobile,Oggetto Minore Inferiore Senza Slot,Nessuno,3.600 mo,-,Guida all'Equipaggiamento
98-99,Statuina delle Meraviglie  (  Corvo d'Argento  ),Oggetto Minore Inferiore Senza Slot,Nessuno,3.800 mo,"0,5 kg",Manuale di Gioco
100,Vaporizzatore Volatile (3Â°),Oggetto Minore Inferiore Senza Slot,Nessuno,3.800 mo,-,Guida all'Equipaggiamento
-,Quadrifoglio,Oggetto Minore Inferiore Senza Slot,Nessuno,3.800 mo,-,Avventure Occulte
d%,Oggetto Minore Superiore,Prezzo,Peso,Fonte,,
01,Biglia di Boro (2Â°),Oggetto Minore Superiore Senza Slot,Nessuno,4.000 mo,-,Guida all'Equipaggiamento
02,Laccio di Sicurezza,Oggetto Minore Superiore Senza Slot,Nessuno,4.000 mo,1 kg,Guida all'Equipaggiamento
03,Scala di Evacuazione,Oggetto Minore Superiore Senza Slot,Nessuno,4.000 mo,"0,5 kg",Guida all'Equipaggiamento
04,Mirino a Lungo Raggio,Oggetto Minore Superiore Senza Slot,Nessuno,4.000 mo,"0,5 kg",Guida al Combattimento
05-06,Pietra Magica (Fuso Trasparente),Oggetto Minore Superiore Senza Slot,Nessuno,4.000 mo,-,Manuale di Gioco
07,Pigmenti Meravigliosi,Oggetto Minore Superiore Senza Slot,Nessuno,4.000 mo,-,Manuale di Gioco
08-15,Pagina della Conoscenza Magica (2Â°),Oggetto Minore Superiore Senza Slot,Nessuno,4.000 mo,-,Guida all'Equipaggiamento
16-25,Perla del Potere (2Â°),Oggetto Minore Superiore Senza Slot,Nessuno,4.000 mo,-,Manuale di Gioco
26,Ampolla Preservante (2Â°),Oggetto Minore Superiore Senza Slot,Nessuno,4.000 mo,-,Guida all'Equipaggiamento
27,Unguento Ristorativo,Oggetto Minore Superiore Senza Slot,Nessuno,4.000 mo,"0,25 kg",Manuale di Gioco
28-30,Balsamo della Pietra,Oggetto Minore Superiore Senza Slot,Nessuno,4.000 mo,-,Manuale di Gioco
-,Bottiglia dell'Abbondanza,Oggetto Minore Superiore Senza Slot,Nessuno,4.000 mo,"0,5 kg",Avventure Mitiche
-,Gemma Fantasma,Oggetto Minore Superiore Senza Slot,Nessuno,4.000 mo,"0,5 kg",Guida alle Razze
-,Polvere Taumaturgica,Oggetto Minore Superiore Senza Slot,Nessuno,4.000 mo,-,Avventure Occulte
-,Reticolo Incantato (2Â°),Oggetto Minore Superiore Senza Slot,Nessuno,4.000 mo,"0,5 kg",Guida alle Classi
-,Zucca Luminescente,Oggetto Minore Superiore Senza Slot,Nessuno,4.250 mo,4 kg,Guida alle Classi
31,Bussola Chiamavento,Oggetto Minore Superiore Senza Slot,Nessuno,4.400 mo,-,Guida all'Equipaggiamento
32,Tamburo del Fuoco Goblin (Superiore),Oggetto Minore Superiore Senza Slot,Nessuno,4.500 mo,"0,5 kg",Guida all'Equipaggiamento
33,Vessillo del Cavaliere (Battaglia),Oggetto Minore Superiore Senza Slot,Nessuno,4.500 mo,"0,5 kg",Guida del Giocatore
34,Vessillo del Cavaliere (Trattativa),Oggetto Minore Superiore Senza Slot,Nessuno,4.500 mo,"0,5 kg",Guida del Giocatore
35,Polvere di Vuoto,Oggetto Minore Superiore Senza Slot,Nessuno,4.500 mo,-,Guida all'Equipaggiamento
36,Incenso della Meditazione,Oggetto Minore Superiore Senza Slot,Nessuno,4.900 mo,"0,5 kg",Manuale di Gioco
37,Fiala di Miscelazione,Oggetto Minore Superiore Senza Slot,Nessuno,5.000 mo,-,Guida all'Equipaggiamento
38-51,Borsa Conservante (Tipo II),Oggetto Minore Superiore Senza Slot,Nessuno,5.000 mo,"12,5 kg",Manuale di Gioco
52,Rasoio d'Osso,Oggetto Minore Superiore Senza Slot,Nessuno,5.000 mo,"0,5 kg",Guida all'Equipaggiamento
53,Corno del Signore della Caccia,Oggetto Minore Superiore Senza Slot,Nessuno,5.000 mo,"2,5 kg",Guida del Giocatore
54,Batacchio Ostinato,Oggetto Minore Superiore Senza Slot,Nessuno,5.000 mo,1 kg,Guida all'Equipaggiamento
55-56,Pietra Magica (Prisma Rosa Pallio),Oggetto Minore Superiore Senza Slot,Nessuno,5.000 mo,-,Manuale di Gioco
57,Mazzuola della Costruzione,Oggetto Minore Superiore Senza Slot,Nessuno,5.000 mo,1 kg,Guida all'Equipaggiamento
58,Borsa Metamorfica,Oggetto Minore Superiore Senza Slot,Nessuno,5.000 mo,"0,5 kg",Guida all'Equipaggiamento
59,Fodero del Tamponamento,Oggetto Minore Superiore Senza Slot,Nessuno,5.000 mo,1 kg,Guida del Giocatore
60,Banco di Occhi,Oggetto Minore Superiore Senza Slot,Nessuno,5.000 mo,-,Guida all'Equipaggiamento
61,Fodero della Lama Furtiva,Oggetto Minore Superiore Senza Slot,Nessuno,5.000 mo,1 kg,Guida del Giocatore
62,Pietra dell'Alleanza,Oggetto Minore Superiore Senza Slot,Nessuno,5.000 mo,-,Guida all'Equipaggiamento
63,Ceppi dell'Evocazione,Oggetto Minore Superiore Senza Slot,Nessuno,5.000 mo,"0,5 kg",Guida all'Equipaggiamento
-,Fodero delle Molte Lame,Oggetto Minore Superiore Senza Slot,Nessuno,5.000 mo,"1,5 kg",Guida alle Classi
-,Nettare degli DÃ¨i,Oggetto Minore Superiore Senza Slot,Nessuno,5.000 mo,"0,5 kg",Avventure Mitiche
-,Ventaglio dalle Piume Rosse,Oggetto Minore Superiore Senza Slot,Nessuno,5.000 mo,"0,5 kg",Guida alle Razze
-,Stendardo del Riposo Tranquillo,Oggetto Minore Superiore Senza Slot,Nessuno,5.040 mo,"3,5 kg",Guida alle Classi
64,Ampolla del Fumo Perenne,Oggetto Minore Superiore Senza Slot,Nessuno,5.400 mo,"0,5 kg",Manuale di Gioco
65,Cucchiaio del Sostentamento,Oggetto Minore Superiore Senza Slot,Nessuno,5.400 mo,-,Manuale di Gioco
66,Ventaglio dei Venti,Oggetto Minore Superiore Senza Slot,Nessuno,5.500 mo,-,Manuale di Gioco
67,Lanterna Macabra,Oggetto Minore Superiore Senza Slot,Nessuno,5.800 mo,1 kg,Guida all'Equipaggiamento
68,Moneta della Via Inesplorata,Oggetto Minore Superiore Senza Slot,Nessuno,6.000 mo,-,Guida all'Equipaggiamento
69,Corno della Chiarezza in Battaglia,Oggetto Minore Superiore Senza Slot,Nessuno,6.000 mo,1 kg,Guida all'Equipaggiamento
70,Emblema del Legame Vitale,Oggetto Minore Superiore Senza Slot,Nessuno,6.000 mo,"0,5 kg",Guida all'Equipaggiamento
71,Lacrima del Martire,Oggetto Minore Superiore Senza Slot,Nessuno,6.000 mo,-,Guida all'Equipaggiamento
72,Flauto Incantatore,Oggetto Minore Superiore Senza Slot,Nessuno,6.000 mo,-,Manuale di Gioco
73,Corda dei Nodi,Oggetto Minore Superiore Senza Slot,Nessuno,6.000 mo,-,Guida all'Equipaggiamento
74,Campana del Colpo Ki,Oggetto Minore Superiore Senza Slot,Nessuno,6.000 mo,"1,5 kg",Guida all'Equipaggiamento
75,Famiglio di Pietra,Oggetto Minore Superiore Senza Slot,Nessuno,6.000 mo,1 kg,Guida all'Equipaggiamento
-,Flauto del Guardiano dei Cunicoli,Oggetto Minore Superiore Senza Slot,Nessuno,6.000 mo,-,Guida alle Razze
-,Simbolo di Fortuna,Oggetto Minore Superiore Senza Slot,Nessuno,6.000 mo,"0,5 kg",Guida alle Razze
76,Libro dell'Evocazione Estesa (Superiore),Oggetto Minore Superiore Senza Slot,Nessuno,6.126 mo,"0,5 kg",Guida all'Equipaggiamento
-,Fischietto del Richiamo,Oggetto Minore Superiore Senza Slot,Nessuno,6.300 mo,-,Guida alle Classi
77,Ossa di Drago Divinatorie,Oggetto Minore Superiore Senza Slot,Nessuno,6.400 mo,"0,5 kg",Guida all'Equipaggiamento
78,Corno del Bene/del Male,Oggetto Minore Superiore Senza Slot,Nessuno,6.500 mo,"0,5 kg",Manuale di Gioco
79,Bindi Scaglia di Naga,Oggetto Minore Superiore Senza Slot,Nessuno,6.600 mo,"0,5 kg",Guida all'Equipaggiamento
-,Gemma Stella Kitsune (3Â°),Oggetto Minore Superiore Senza Slot,Nessuno,6.750 mo,-,Guida alle Razze
-,Ferro di Cavallo Fortunato,Oggetto Minore Superiore Senza Slot,Nessuno,6.800 mo,1 kg,Avventure Occulte
80,Bottiglia delle Ombre,Oggetto Minore Superiore Senza Slot,Nessuno,7.000 mo,-,Guida all'Equipaggiamento
81,Cappa della Bravata,Oggetto Minore Superiore Senza Slot,Nessuno,7.000 mo,"0,5 kg",Guida all'Equipaggiamento
82-83,Ponte Istantaneo,Oggetto Minore Superiore Senza Slot,Nessuno,7.000 mo,"2,5 kg",Guida all'Equipaggiamento
84,Specchio dei Riflessi Protettivi,Oggetto Minore Superiore Senza Slot,Nessuno,7.000 mo,2 kg,Guida all'Equipaggiamento
85,Barca Pieghevole,Oggetto Minore Superiore Senza Slot,Nessuno,7.200 mo,2 kg,Manuale di Gioco
86-87,Bottiglia d'Aria,Oggetto Minore Superiore Senza Slot,Nessuno,7.250 mo,1 kg,Manuale di Gioco
88-94,Borsa Conservante (Tipo III),Oggetto Minore Superiore Senza Slot,Nessuno,7.400 mo,"17,5 kg",Manuale di Gioco
95,Balsamo della Grazia Maliziosa,Oggetto Minore Superiore Senza Slot,Nessuno,7.500 mo,-,Guida all'Equipaggiamento
96,Candela dell'Aria Pulita,Oggetto Minore Superiore Senza Slot,Nessuno,7.500 mo,-,Guida all'Equipaggiamento
97,Arpa dello Charme,Oggetto Minore Superiore Senza Slot,Nessuno,7.500 mo,"2,5 kg",Manuale di Gioco
98-100,Manuale della Guerra,Oggetto Minore Superiore Senza Slot,Nessuno,7.500 mo,1 kg,Guida all'Equipaggiamento
-,Finestra Unidirezionale,Oggetto Minore Superiore Senza Slot,Nessuno,7.500 mo,"0,5 kg",Guida alle Classi
d%,Oggetto Medio Inferiore,Prezzo,Peso,Fonte,,
01,Calice della Trasudazione del Veleno,Oggetto Medio Inferiore Senza Slot,Nessuno,8.000 mo,"0,5 kg",Guida all'Equipaggiamento
02,Aspersorio dell'Esorcista,Oggetto Medio Inferiore Senza Slot,Nessuno,8.000 mo,"0,5 kg",Guida all'Equipaggiamento
03,Manuale del Golem (Carne),Oggetto Medio Inferiore Senza Slot,Nessuno,8.000 mo,"2,5 kg",Manuale di Gioco
04,Arpa della Frantumazione,Oggetto Medio Inferiore Senza Slot,Nessuno,8.000 mo,"2,5 kg",Guida all'Equipaggiamento
05,Mostrina del Valore,Oggetto Medio Inferiore Senza Slot,Nessuno,8.000 mo,-,Guida all'Equipaggiamento
06,Pietra Magica (Sfera Rosso Scuro),Oggetto Medio Inferiore Senza Slot,Nessuno,8.000 mo,-,Manuale di Gioco
07,Pietra Magica (Sfera Blu Incandescente),Oggetto Medio Inferiore Senza Slot,Nessuno,8.000 mo,-,Manuale di Gioco
08,Pietra Magica (Romboide Blu Chiaro),Oggetto Medio Inferiore Senza Slot,Nessuno,8.000 mo,-,Manuale di Gioco
09,Pietra Magica (Sfera Rosa e Verde),Oggetto Medio Inferiore Senza Slot,Nessuno,8.000 mo,-,Manuale di Gioco
10,Pietra Magica (Romboide Rosa),Oggetto Medio Inferiore Senza Slot,Nessuno,8.000 mo,-,Manuale di Gioco
11,Pietra Magica (Sfera Scarlatta e Blu),Oggetto Medio Inferiore Senza Slot,Nessuno,8.000 mo,-,Manuale di Gioco
12,Aghi Sottocutanei,Oggetto Medio Inferiore Senza Slot,Nessuno,8.000 mo,"0,5 kg",Guida all'Equipaggiamento
13,Grimaldelli Irrequieti,Oggetto Medio Inferiore Senza Slot,Nessuno,8.000 mo,"0,5 kg",Guida all'Equipaggiamento
14,Fischietto Mannaro,Oggetto Medio Inferiore Senza Slot,Nessuno,8.000 mo,-,Guida all'Equipaggiamento
-,Coppe del Buon Rapporto,Oggetto Medio Inferiore Senza Slot,Nessuno,8.000 mo,"0,5 kg",Guida alle Classi
-,Pietra Runica del Potere (2Â°),Oggetto Medio Inferiore Senza Slot,Nessuno,8.000 mo,-,Guida alle Classi
-,Simbolo del Comando Sacrilego,Oggetto Medio Inferiore Senza Slot,Nessuno,8.000 mo,"0,5 kg",Guida alle Razze
15-16,Mazzo delle Illusioni,Oggetto Medio Inferiore Senza Slot,Nessuno,8.100 mo,"0,25 kg",Manuale di Gioco
17,Candela dell'Invocazione,Oggetto Medio Inferiore Senza Slot,Nessuno,8.400 mo,"0,25 kg",Manuale di Gioco
18-19,Borsa degli Animali (Ruggine),Oggetto Medio Inferiore Senza Slot,Nessuno,8.500 mo,-,Manuale di Gioco
20,Biglia di Boro (3Â°),Oggetto Medio Inferiore Senza Slot,Nessuno,9.000 mo,-,Guida all'Equipaggiamento
21,Caraffa dell'Acqua Eterna,Oggetto Medio Inferiore Senza Slot,Nessuno,9.000 mo,1 kg,Manuale di Gioco
22,Specchio Disgustoso,Oggetto Medio Inferiore Senza Slot,Nessuno,9.000 mo,5 kg,Guida all'Equipaggiamento
23-25,Pagina della Conoscenza Magica (3Â°),Oggetto Medio Inferiore Senza Slot,Nessuno,9.000 mo,-,Guida all'Equipaggiamento
26-31,Perla del Potere (3Â°),Oggetto Medio Inferiore Senza Slot,Nessuno,9.000 mo,-,Manuale di Gioco
32,Ampolla Preservante (3Â°),Oggetto Medio Inferiore Senza Slot,Nessuno,9.000 mo,-,Guida all'Equipaggiamento
-,Pipa dell'Investigatore,Oggetto Medio Inferiore Senza Slot,Nessuno,9.000 mo,-,Guida alle Classi
-,Reticolo Incantato (3Â°),Oggetto Medio Inferiore Senza Slot,Nessuno,9.000 mo,"0,5 kg",Guida alle Classi
-,Rosa di Mithral,Oggetto Medio Inferiore Senza Slot,Nessuno,9.000 mo,-,Avventure Mitiche
33,Statuina delle Meraviglie  (Gufo di Serpentino),Oggetto Medio Inferiore Senza Slot,Nessuno,9.100 mo,"0,5 kg",Manuale di Gioco
-,Statuina delle Meraviglie  (Corvo di Giada Nera),Oggetto Medio Inferiore Senza Slot,Nessuno,9.100 mo,-,Guida alle Razze
34,Collana della Preghiera (Minore),Oggetto Medio Inferiore Senza Slot,Nessuno,9.600 mo,"0,25 kg",Manuale di Gioco
35-38,Borsa Conservante (Tipo IV),Oggetto Medio Inferiore Senza Slot,Nessuno,10.000 mo,30 kg,Manuale di Gioco
39,Gesso Confinante,Oggetto Medio Inferiore Senza Slot,Nessuno,10.000 mo,-,Guida all'Equipaggiamento
40,Campana del Silenzio Risonante,Oggetto Medio Inferiore Senza Slot,Nessuno,10.000 mo,"0,5 kg",Guida all'Equipaggiamento
41,Mattone dell'Incanalare Costrutti,Oggetto Medio Inferiore Senza Slot,Nessuno,10.000 mo,"0,5 kg",Guida del Giocatore
42,Arpa del Terrore,Oggetto Medio Inferiore Senza Slot,Nessuno,10.000 mo,"2,5 kg",Guida del Giocatore
43,Tamburo dell'Avanzata e della Ritirata,Oggetto Medio Inferiore Senza Slot,Nessuno,10.000 mo,"2,5 kg",Guida all'Equipaggiamento
44,Filo dell'Imbalsamazione,Oggetto Medio Inferiore Senza Slot,Nessuno,10.000 mo,-,Guida all'Equipaggiamento
45,Occhio del Vuoto,Oggetto Medio Inferiore Senza Slot,Nessuno,10.000 mo,"0,5 kg",Guida all'Equipaggiamento
46,Statuina delle Meraviglie  (Grifone di Bronzo),Oggetto Medio Inferiore Senza Slot,Nessuno,10.000 mo,"0,5 kg",Manuale di Gioco
47,Statuina delle Meraviglie  (Mosca d'Ebano),Oggetto Medio Inferiore Senza Slot,Nessuno,10.000 mo,"0,5 kg",Manuale di Gioco
48,Statuina delle Meraviglie  (Ragno di Ardesia),Oggetto Medio Inferiore Senza Slot,Nessuno,10.000 mo,"0,5 kg",Guida al Combattimento
49,Clessidra dell'Ultima PossibilitÃ,Oggetto Medio Inferiore Senza Slot,Nessuno,10.000 mo,-,Guida all'Equipaggiamento
50-51,Pietra Magica (Romboide Blu Scuro),Oggetto Medio Inferiore Senza Slot,Nessuno,10.000 mo,-,Manuale di Gioco
52,Tappetino Ki,Oggetto Medio Inferiore Senza Slot,Nessuno,10.000 mo,"1,5 kg",Guida del Giocatore
53,Stendardo del Signore (RapiditÃ ),Oggetto Medio Inferiore Senza Slot,Nessuno,10.000 mo,"1,5 kg",Guida del Giocatore
54,Simbolo Malleabile,Oggetto Medio Inferiore Senza Slot,Nessuno,10.000 mo,"0,5 kg",Guida all'Equipaggiamento
55,Stipetto del Migrus,Oggetto Medio Inferiore Senza Slot,Nessuno,10.000 mo,10 kg,Guida all'Equipaggiamento
56,Ornamento di Luce Curativa,Oggetto Medio Inferiore Senza Slot,Nessuno,10.000 mo,"0,5 kg",Guida all'Equipaggiamento
57,Ruota della Preghiera della Forza Etica,Oggetto Medio Inferiore Senza Slot,Nessuno,10.000 mo,"1,5 kg",Guida all'Equipaggiamento
58,Cavallo di Pietra (Corsiero),Oggetto Medio Inferiore Senza Slot,Nessuno,10.000 mo,3.000 kg,Guida all'Equipaggiamento
59,Cristallo Evoca Schiavo,Oggetto Medio Inferiore Senza Slot,Nessuno,10.000 mo,-,Guida all'Equipaggiamento
60,Sigillo del Tesoriere,Oggetto Medio Inferiore Senza Slot,Nessuno,10.000 mo,"0,5 kg",Guida all'Equipaggiamento
-,Fermaglio Ancestrale,Oggetto Medio Inferiore Senza Slot,Nessuno,10.000 mo,"0,25 kg",Guida alle Razze
-,Forte sull'Albero del Cacciatore,Oggetto Medio Inferiore Senza Slot,Nessuno,10.000 mo,"0,5 kg",Guida alle Classi
-,Ventaglio dalle Piume Nere,Oggetto Medio Inferiore Senza Slot,Nessuno,10.000 mo,"0,5 kg",Guida alle Razze
61,Scheggia di Anima Nera,Oggetto Medio Inferiore Senza Slot,Nessuno,12.000 mo,-,Guida all'Equipaggiamento
62,Manuale del Golem (Argilla),Oggetto Medio Inferiore Senza Slot,Nessuno,12.000 mo,"2,5 kg",Manuale di Gioco
63,Sella del Signore dei Cavalli,Oggetto Medio Inferiore Senza Slot,Nessuno,12.000 mo,"2,5 kg",Guida all'Equipaggiamento
64,Flauto della Dissoluzione,Oggetto Medio Inferiore Senza Slot,Nessuno,12.000 mo,"1,5 kg",Guida all'Equipaggiamento
65,Flauto del Dolore,Oggetto Medio Inferiore Senza Slot,Nessuno,12.000 mo,"1,5 kg",Guida all'Equipaggiamento
66,Mirino Ricercante,Oggetto Medio Inferiore Senza Slot,Nessuno,12.000 mo,"0,5 kg",Guida al Combattimento
-,Ardesia degli Spiriti,Oggetto Medio Inferiore Senza Slot,Nessuno,12.000 mo,1 kg,Avventure Occulte
-,Arnesi Manufatturieri Meravigliosi,Oggetto Medio Inferiore Senza Slot,Nessuno,12.000 mo,"0,5 kg",Guida alle Razze
-,Corno della Panacea,Oggetto Medio Inferiore Senza Slot,Nessuno,12.000 mo,"0,5 kg",Guida alle Classi
-,Gatto di Pietra Luna,Oggetto Medio Inferiore Senza Slot,Nessuno,12.000 mo,"0,5 kg",Avventure Mitiche
-,Pietre della Litomanzia,Oggetto Medio Inferiore Senza Slot,Nessuno,12.000 mo,21 kg,Avventure Occulte
67,Libro Benedetto,Oggetto Medio Inferiore Senza Slot,Nessuno,12.500 mo,"0,5 kg",Manuale di Gioco
68,Acque della Trasfigurazione,Oggetto Medio Inferiore Senza Slot,Nessuno,12.500 mo,"0,5 kg",Guida all'Equipaggiamento
69,Gemma della LuminositÃ,Oggetto Medio Inferiore Senza Slot,Nessuno,13.000 mo,-,Manuale di Gioco
70,Arpa del Contagio,Oggetto Medio Inferiore Senza Slot,Nessuno,13.000 mo,"2,5 kg",Guida all'Equipaggiamento
71,Lira della Costruzione,Oggetto Medio Inferiore Senza Slot,Nessuno,13.000 mo,"2,5 kg",Manuale di Gioco
-,Statuina delle Meraviglie  (  Imp di Stagno  ),Oggetto Medio Inferiore Senza Slot,Nessuno,13.000 mo,"0,5 kg",Guida alle Classi
-,Tomo degli Origami di Animali,Oggetto Medio Inferiore Senza Slot,Nessuno,13.500 mo,"7,5 kg",Avventure Occulte
72,Vessillo del Vuoto,Oggetto Medio Inferiore Senza Slot,Nessuno,14.000 mo,"0,5 kg",Guida all'Equipaggiamento
73,Cavallo di Pietra (Destriero),Oggetto Medio Inferiore Senza Slot,Nessuno,14.800 mo,3.000 kg,Guida all'Equipaggiamento
74,Libro del Maestro del Sapere,Oggetto Medio Inferiore Senza Slot,Nessuno,15.000 mo,1 kg,Guida del Giocatore
75,Calderone dell'Abbondanza,Oggetto Medio Inferiore Senza Slot,Nessuno,15.000 mo,"12,5 kg",Guida del Giocatore
76,Corno del Giudizio,Oggetto Medio Inferiore Senza Slot,Nessuno,15.000 mo,"0,5 kg",Guida all'Equipaggiamento
77,Corno dei Tritoni,Oggetto Medio Inferiore Senza Slot,Nessuno,15.000 mo,1 kg,Guida all'Equipaggiamento
-,Fazzoletto della Localizzazione,Oggetto Medio Inferiore Senza Slot,Nessuno,15.000 mo,-,Guida alle Classi
-,Ferro di Cavallo Fortunato Collettivo,Oggetto Medio Inferiore Senza Slot,Nessuno,15.000 mo,1 kg,Avventure Occulte
78,Perla delle Sirene,Oggetto Medio Inferiore Senza Slot,Nessuno,15.300 mo,-,Manuale di Gioco
79,Statuina delle Meraviglie  (Cane d'Onice),Oggetto Medio Inferiore Senza Slot,Nessuno,15.300 mo,"0,5 kg",Manuale di Gioco
80-81,Borsa degli Animali Marrone,Oggetto Medio Inferiore Senza Slot,Nessuno,16.000 mo,-,Manuale di Gioco
82,Biglia di Boro (4Â°),Oggetto Medio Inferiore Senza Slot,Nessuno,16.000 mo,-,Guida all'Equipaggiamento
83,Pagina della Conoscenza Magica (4Â°),Oggetto Medio Inferiore Senza Slot,Nessuno,16.000 mo,-,Guida all'Equipaggiamento
84-87,Perla del Potere (4Â°),Oggetto Medio Inferiore Senza Slot,Nessuno,16.000 mo,-,Manuale di Gioco
88,Ampolla Preservante (4Â°),Oggetto Medio Inferiore Senza Slot,Nessuno,16.000 mo,-,Guida all'Equipaggiamento
89-91,Fodero delle EstremitÃ Affilate,Oggetto Medio Inferiore Senza Slot,Nessuno,16.000 mo,"0,5 kg",Manuale di Gioco
-,Bambola Ganji,Oggetto Medio Inferiore Senza Slot,Nessuno,16.000 mo,"10,25 kg",Avventure Occulte
-,Reticolo Incantato (4Â°),Oggetto Medio Inferiore Senza Slot,Nessuno,16.000 mo,"0,5 kg",Guida alle Classi
-,Rune della Congrega Stregata,Oggetto Medio Inferiore Senza Slot,Nessuno,16.000 mo,"0,5 kg",Guida alle Classi
-,Rune della Fede Verde,Oggetto Medio Inferiore Senza Slot,Nessuno,16.000 mo,"0,5 kg",Guida alle Classi
92-93,Statuina delle Meraviglie  (Leoni d'Oro),Oggetto Medio Inferiore Senza Slot,Nessuno,16.500 mo,"0,5 kg",Manuale di Gioco
-,Boccale di Cayden,Oggetto Medio Inferiore Senza Slot,Nessuno,16.500 mo,"0,5 kg",Avventure Mitiche
94-95,Campana dell'Interruzione,Oggetto Medio Inferiore Senza Slot,Nessuno,16.800 mo,"0,5 kg",Manuale di Gioco
96-99,Scopa Volante,Oggetto Medio Inferiore Senza Slot,Nessuno,17.000 mo,"1,5 kg",Manuale di Gioco
100,Statuina delle Meraviglie  (Elefante di Marmo),Oggetto Medio Inferiore Senza Slot,Nessuno,17.000 mo,"0,5 kg",Manuale di Gioco
d%,Oggetto Medio Superiore,Prezzo,Peso,Fonte,,
01-03,Pietra Magica (Fuso Iridescente),Oggetto Medio Superiore Senza Slot,Nessuno,18.000 mo,-,Manuale di Gioco
04,Globo dell'Abaddon,Oggetto Medio Superiore Senza Slot,Nessuno,18.000 mo,"0,5 kg",Guida all'Equipaggiamento
-,Reticolo Incantato (5Â°),Oggetto Medio Superiore Senza Slot,Nessuno,18.000 mo,"0,5 kg",Guida alle Classi
-,Specchio degli Spiriti,Oggetto Medio Superiore Senza Slot,Nessuno,18.900 mo,2 kg,Avventure Occulte
-,Perla Purificante,Oggetto Medio Superiore Senza Slot,Nessuno,19.000 mo,-,Guida alle Razze
05-08,"Tappeto Volante (1,5 m x 1,5 m)",Oggetto Medio Superiore Senza Slot,Nessuno,20.000 mo,4 kg,Manuale di Gioco
09,Corno dell'Antagonismo,Oggetto Medio Superiore Senza Slot,Nessuno,20.000 mo,2 kg,Guida del Giocatore
10-13,Corno della Distruzione,Oggetto Medio Superiore Senza Slot,Nessuno,20.000 mo,"0,5 kg",Manuale di Gioco
14-17,Pietra Magica (Ellissoide Lavanda Chiaro),Oggetto Medio Superiore Senza Slot,Nessuno,20.000 mo,"0,5 kg",Manuale di Gioco
18-21,Pietra Magica (Fuso Madreperla),Oggetto Medio Superiore Senza Slot,Nessuno,20.000 mo,-,Manuale di Gioco
22-24,Campana d'Oro Perfetta del Maestro,Oggetto Medio Superiore Senza Slot,Nessuno,20.000 mo,5 kg,Guida all'Equipaggiamento
25-27,Athame del Necromante,Oggetto Medio Superiore Senza Slot,Nessuno,20.000 mo,1 kg,Guida del Giocatore
28-31,Buco Portatile,Oggetto Medio Superiore Senza Slot,Nessuno,20.000 mo,-,Manuale di Gioco
32-35,Pietra della Buona Fortuna,Oggetto Medio Superiore Senza Slot,Nessuno,20.000 mo,-,Manuale di Gioco
-,Finestra Fluttuante,Oggetto Medio Superiore Senza Slot,Nessuno,20.000 mo,1 kg,Guida alle Razze
-,Sacca del Fabbrica Trappole,Oggetto Medio Superiore Senza Slot,Nessuno,20.000 mo,1 kg,Guida alle Razze
-,Tavola Parlante Magica,Oggetto Medio Superiore Senza Slot,Nessuno,20.000 mo,1 kg,Avventure Occulte
36-37,Statuina delle Meraviglie  (  Capra d'Avorio  ),Oggetto Medio Superiore Senza Slot,Nessuno,21.000 mo,"0,5 kg",Manuale di Gioco
38-40,Corda per Intralciare,Oggetto Medio Superiore Senza Slot,Nessuno,21.000 mo,"2,5 kg",Manuale di Gioco
41-42,Manuale del Golem (Pietra),Oggetto Medio Superiore Senza Slot,Nessuno,22.000 mo,"2,5 kg",Manuale di Gioco
43,Globo del Paradiso,Oggetto Medio Superiore Senza Slot,Nessuno,22.000 mo,"0,5 kg",Guida all'Equipaggiamento
44-45,Zappa dei Titani,Oggetto Medio Superiore Senza Slot,Nessuno,23.348 mo,60 kg,Manuale di Gioco
46-48,Corno Potorio del Valore Illimitato,Oggetto Medio Superiore Senza Slot,Nessuno,24.000 mo,1 kg,Guida all'Equipaggiamento
-,Vaso Canopo,Oggetto Medio Superiore Senza Slot,Nessuno,24.000 mo,1 kg,Avventure Mitiche
49-51,Biglia di Boro (5Â°),Oggetto Medio Superiore Senza Slot,Nessuno,25.000 mo,-,Guida all'Equipaggiamento
52-53,Smeraldo del Caos,Oggetto Medio Superiore Senza Slot,Nessuno,25.000 mo,"0,5 kg",Guida all'Equipaggiamento
54-57,Pagina della Conoscenza Magica (5Â°),Oggetto Medio Superiore Senza Slot,Nessuno,25.000 mo,-,Guida all'Equipaggiamento
58-64,Perla del Potere (5Â°),Oggetto Medio Superiore Senza Slot,Nessuno,25.000 mo,-,Manuale di Gioco
65-67,Ampolla Preservante (5Â°),Oggetto Medio Superiore Senza Slot,Nessuno,25.000 mo,-,Guida all'Equipaggiamento
-,Pietra Runica del Potere (3Â°),Oggetto Medio Superiore Senza Slot,Nessuno,25.000 mo,-,Guida alle Classi
68-69,Maglio dei Titani,Oggetto Medio Superiore Senza Slot,Nessuno,25.305 mo,80 kg,Manuale di Gioco
70-73,Fasce Metalliche Leganti,Oggetto Medio Superiore Senza Slot,Nessuno,26.000 mo,"0,5 kg",Manuale di Gioco
74-76,Cubo della Resistenza al Gelo,Oggetto Medio Superiore Senza Slot,Nessuno,27.000 mo,1 kg,Manuale di Gioco
-,Libro degli Scherzi Perfetti,Oggetto Medio Superiore Senza Slot,Nessuno,27.000 mo,"0,5 kg",Avventure Mitiche
77-80,Manuale della Salute +1,Oggetto Medio Superiore Senza Slot,Nessuno,27.500 mo,"2,5 kg",Manuale di Gioco
81-84,Manuale dell'Esercizio Fisico +1,Oggetto Medio Superiore Senza Slot,Nessuno,27.500 mo,"2,5 kg",Manuale di Gioco
85-88,Manuale della VelocitÃ di Azione +1,Oggetto Medio Superiore Senza Slot,Nessuno,27.500 mo,"2,5 kg",Manuale di Gioco
89-92,Tomo del Chiaro Pensiero +1,Oggetto Medio Superiore Senza Slot,Nessuno,27.500 mo,"2,5 kg",Manuale di Gioco
93-96,Tomo del Comando e dell'Influenza +1,Oggetto Medio Superiore Senza Slot,Nessuno,27.500 mo,"2,5 kg",Manuale di Gioco
97-100,Tomo della Comprensione +1,Oggetto Medio Superiore Senza Slot,Nessuno,27.500 mo,"2,5 kg",Manuale di Gioco
d%,Oggetto Maggiore Inferiore,Prezzo,Peso,Fonte,,
01-04,Statuina delle Meraviglie  (  Stallone d'Ossidiana  ),Oggetto Maggiore Inferiore Senza Slot,Nessuno,28.500 mo,"0,5 kg",Manuale di Gioco
-,Libro delle Ricette Meravigliose,Oggetto Maggiore Inferiore Senza Slot,Nessuno,28.800 mo,"1,5 kg",Guida alle Razze
05â07,Calderone dei Morti,Oggetto Maggiore Inferiore Senza Slot,Nessuno,30.000 mo,"15,5 Kg",Guida del Giocatore
08-11,Tamburi del Panico,Oggetto Maggiore Inferiore Senza Slot,Nessuno,30.000 mo,5 kg,Manuale di Gioco
12-15,Pietra Magica (Prisma Arancione),Oggetto Maggiore Inferiore Senza Slot,Nessuno,30.000 mo,-,Manuale di Gioco
16-19,Pietra Magica (Prisma Verde Chiaro),Oggetto Maggiore Inferiore Senza Slot,Nessuno,30.000 mo,-,Manuale di Gioco
20-23,Lanterna della Rivelazione,Oggetto Maggiore Inferiore Senza Slot,Nessuno,30.000 mo,1 kg,Manuale di Gioco
24-27,Scopa Volante da Corsa,Oggetto Maggiore Inferiore Senza Slot,Nessuno,30.000 mo,"1,5 kg",Manuale di Gioco
-,Borsa delle Nubi d'Ombra,Oggetto Maggiore Inferiore Senza Slot,Nessuno,30.240 mo,"0,5 kg",Guida alle Razze
-,Lanterna delle Ombre Danzanti,Oggetto Maggiore Inferiore Senza Slot,Nessuno,30.302 mo,1 kg,Guida alle Razze
-,Pietra Runica del Potere (4Â°),Oggetto Maggiore Inferiore Senza Slot,Nessuno,32.000 mo,-,Guida alle Classi
28-31,Calderone della Resurrezione,Oggetto Maggiore Inferiore Senza Slot,Nessuno,33.000 mo,"17,5 Kg",Guida del Giocatore
-,Specchio Ruba-anima,Oggetto Maggiore Inferiore Senza Slot,Nessuno,33.000 mo,"0,5 kg",Avventure Occulte
32-36,"Tappeto Volante (1,5 m x 3 m)",Oggetto Maggiore Inferiore Senza Slot,Nessuno,35.000 mo,5 kg,Manuale di Gioco
37-38,Manuale del Golem (Ferro),Oggetto Maggiore Inferiore Senza Slot,Nessuno,35.000 mo,"2,5 kg",Manuale di Gioco
-,Campana del Disincanto,Oggetto Maggiore Inferiore Senza Slot,Nessuno,35.000 mo,"0,25 kg",Avventure Mitiche
-,Cornucopia dell'Abbondanza,Oggetto Maggiore Inferiore Senza Slot,Nessuno,35.000 mo,"2,5 kg",Avventure Mitiche
39-40,Biglia di Boro (6Â°),Oggetto Maggiore Inferiore Senza Slot,Nessuno,36.000 mo,-,Guida all'Equipaggiamento
41-44,Pietra Magica (Prisma Viola Vibrante),Oggetto Maggiore Inferiore Senza Slot,Nessuno,36.000 mo,-,Manuale di Gioco
45-48,Globo del Caos Assoluto,Oggetto Maggiore Inferiore Senza Slot,Nessuno,36.000 mo,"0,5 kg",Guida all'Equipaggiamento
49-50,Pagina della Conoscenza Magica (6Â°),Oggetto Maggiore Inferiore Senza Slot,Nessuno,36.000 mo,-,Guida all'Equipaggiamento
51-58,Perla del Potere (6Â°),Oggetto Maggiore Inferiore Senza Slot,Nessuno,36.000 mo,-,Manuale di Gioco
59-60,Ampolla Preservante (6Â°),Oggetto Maggiore Inferiore Senza Slot,Nessuno,36.000 mo,-,Guida all'Equipaggiamento
-,Bambola Ganji Superiore,Oggetto Maggiore Inferiore Senza Slot,Nessuno,36.000 mo,"0,25 kg",Avventure Occulte
-,Reticolo Incantato (6Â°),Oggetto Maggiore Inferiore Senza Slot,Nessuno,36.000 mo,"0,5 kg",Guida alle Classi
61-64,Calderone del Volo,Oggetto Maggiore Inferiore Senza Slot,Nessuno,40.000 mo,50 Kg,Guida del Giocatore
65-66,Feticcio dell'OstilitÃ,Oggetto Maggiore Inferiore Senza Slot,Nessuno,40.000 mo,"0,5 kg",Guida all'Equipaggiamento
67-69,Pietra Magica (Ellissoide Lavanda e Verde),Oggetto Maggiore Inferiore Senza Slot,Nessuno,40.000 mo,-,Manuale di Gioco
70-73,Anelli dei Portali,Oggetto Maggiore Inferiore Senza Slot,Nessuno,40.000 mo,"0,5 kg ciascuno",Manuale di Gioco
74-77,Calderone della Visione,Oggetto Maggiore Inferiore Senza Slot,Nessuno,42.000 mo,"2,5 kg",Guida del Giocatore
78-81,Sfera di Cristallo,Oggetto Maggiore Inferiore Senza Slot,Nessuno,42.000 mo,"3,5 kg",Manuale di Gioco
82-83,Manuale del Golem (Pietra Guardiano),Oggetto Maggiore Inferiore Senza Slot,Nessuno,44.000 mo,"2,5 kg",Manuale di Gioco
84-87,Tamburi della VelocitÃ,Oggetto Maggiore Inferiore Senza Slot,Nessuno,45.000 mo,"2,5 kg",Guida all'Equipaggiamento
-,Stendardo da Battaglia Hobgoblin della Ferrea Risolutezza,Oggetto Maggiore Inferiore Senza Slot,Nessuno,45.000 mo,"1,5 kg",Guida alle Razze
88-91,Collana della Preghiera (Standard),Oggetto Maggiore Inferiore Senza Slot,Nessuno,45.800 mo,"0,25 kg",Manuale di Gioco
92-94,Globo delle Tempeste,Oggetto Maggiore Inferiore Senza Slot,Nessuno,48.000 mo,3 kg,Manuale di Gioco
49-50,Pagina della Conoscenza Magica (7Â°),Oggetto Maggiore Inferiore Senza Slot,Nessuno,49.000 mo,-,Guida all'Equipaggiamento
51-58,Perla del Potere (7Â°),Oggetto Maggiore Inferiore Senza Slot,Nessuno,49.000 mo,-,Manuale di Gioco
-,Reticolo Incantato (7Â°),Oggetto Maggiore Inferiore Senza Slot,Nessuno,49.000 mo,"0,5 kg",Guida alle Classi
d%,Oggetto Maggiore Superiore,Prezzo,Peso,Fonte,,
01-03,Sfera di Cristallo  con  Vedere InvisibilitÃ,Oggetto Maggiore Superiore Senza Slot,Nessuno,50.000 mo,"3,5 kg",Manuale di Gioco
04-05,Corno del Valhalla,Oggetto Maggiore Superiore Senza Slot,Nessuno,50.000 mo,1 kg,Manuale di Gioco
-,Libro dell'Esilio,Oggetto Maggiore Superiore Senza Slot,Nessuno,50.000 mo,"0,5 kg",Avventure Mitiche
-,Pietra Runica del Potere (5Â°),Oggetto Maggiore Superiore Senza Slot,Nessuno,50.000 mo,-,Guida alle Classi
-,Stendardo da Battaglia Hobgoblin della Disperazione,Oggetto Maggiore Superiore Senza Slot,Nessuno,50.000 mo,"1,5 kg",Guida alle Razze
06-08,Sfera di Cristallo  con  Individuazione dei Pensieri,Oggetto Maggiore Superiore Senza Slot,Nessuno,51.000 mo,"3,5 kg",Manuale di Gioco
09,Ultime Foglie della Driade Autunnale,Oggetto Maggiore Superiore Senza Slot,Nessuno,52.000 mo,-,Guida all'Equipaggiamento
10-11,Fortezza Istantanea,Oggetto Maggiore Superiore Senza Slot,Nessuno,55.000 mo,"0,5 kg",Manuale di Gioco
12-15,Manuale della Salute +2,Oggetto Maggiore Superiore Senza Slot,Nessuno,55.000 mo,"2,5 kg",Manuale di Gioco
16-19,Manuale dell'Esercizio Fisico +2,Oggetto Maggiore Superiore Senza Slot,Nessuno,55.000 mo,"2,5 kg",Manuale di Gioco
20-23,Manuale della VelocitÃ di Azione +2,Oggetto Maggiore Superiore Senza Slot,Nessuno,55.000 mo,"2,5 kg",Manuale di Gioco
24-27,Tomo del Chiaro Pensiero +2,Oggetto Maggiore Superiore Senza Slot,Nessuno,55.000 mo,"2,5 kg",Manuale di Gioco
28-31,Tomo del Comando e dell'Influenza +2,Oggetto Maggiore Superiore Senza Slot,Nessuno,55.000 mo,"2,5 kg",Manuale di Gioco
32-35,Tomo della Comprensione +2,Oggetto Maggiore Superiore Senza Slot,Nessuno,55.000 mo,"2,5 kg",Manuale di Gioco
36,Stendardo del Signore (Terrore),Oggetto Maggiore Superiore Senza Slot,Nessuno,56.000 mo,"1,5 kg",Guida del Giocatore
37,Tappeto Volante (3 m x 3 m),Oggetto Maggiore Superiore Senza Slot,Nessuno,60.000 mo,"7,5 kg",Manuale di Gioco
38-39,Teschioscuro,Oggetto Maggiore Superiore Senza Slot,Nessuno,60.000 mo,"2,5 kg",Manuale di Gioco
40,Globo della Legge Pura,Oggetto Maggiore Superiore Senza Slot,Nessuno,60.000 mo,"0,5 kg",Guida all'Equipaggiamento
-,Statuina delle Meraviglie  (  Drago di Basalto  ),Oggetto Maggiore Superiore Senza Slot,Nessuno,60.000 mo,"0,5 kg",Avventure Mitiche
-,Stendardo da Battaglia Hobgoblin della Ferocia,Oggetto Maggiore Superiore Senza Slot,Nessuno,60.000 mo,"1,5 kg",Guida alle Razze
41,Cubo di Forza,Oggetto Maggiore Superiore Senza Slot,Nessuno,62.000 mo,"0,25 kg",Manuale di Gioco
42-43,Pagina della Conoscenza Magica (8Â°),Oggetto Maggiore Superiore Senza Slot,Nessuno,64.000 mo,-,Guida all'Equipaggiamento
44-49,Perla del Potere (8Â°),Oggetto Maggiore Superiore Senza Slot,Nessuno,64.000 mo,-,Manuale di Gioco
-,Reticolo Incantato (8Â°),Oggetto Maggiore Superiore Senza Slot,Nessuno,64.000 mo,"0,5 kg",Guida alle Classi
-,Lira delle Tempeste,Oggetto Maggiore Superiore Senza Slot,Nessuno,65.000 mo,"2,5 kg",Avventure Mitiche
50,Sfera di Cristallo con Telepatia,Oggetto Maggiore Superiore Senza Slot,Nessuno,70.000 mo,"3,5 kg",Manuale di Gioco
51,Corno della Distruzione (Superiore),Oggetto Maggiore Superiore Senza Slot,Nessuno,70.000 mo,"0,5 kg",Manuale di Gioco
52-54,Perla del Potere (due incantesimi),Oggetto Maggiore Superiore Senza Slot,Nessuno,70.000 mo,-,Manuale di Gioco
-,Pietra Runica del Potere (6Â°),Oggetto Maggiore Superiore Senza Slot,Nessuno,72.000 mo,-,Guida alle Classi
55,Gemma della Visione,Oggetto Maggiore Superiore Senza Slot,Nessuno,75.000 mo,-,Manuale di Gioco
56,Stendardo del Signore (Vittoria),Oggetto Maggiore Superiore Senza Slot,Nessuno,75.000 mo,"1,5 kg",Guida del Giocatore
57,Sfera di Cristallo  con  Visione del Vero,Oggetto Maggiore Superiore Senza Slot,Nessuno,80.000 mo,"3,5 kg",Manuale di Gioco
-,Globo Oculare,Oggetto Maggiore Superiore Senza Slot,Nessuno,80.000 mo,"0,5 kg",Avventure Mitiche
-,Slitta Volante,Oggetto Maggiore Superiore Senza Slot,Nessuno,80.000 mo,50 kg,Avventure Occulte
58-59,Pagina della Conoscenza Magica (9Â°),Oggetto Maggiore Superiore Senza Slot,Nessuno,81.000 mo,-,Guida all'Equipaggiamento
60-62,Perla del Potere (9Â°),Oggetto Maggiore Superiore Senza Slot,Nessuno,81.000 mo,-,Manuale di Gioco
-,Reticolo Incantato (9Â°),Oggetto Maggiore Superiore Senza Slot,Nessuno,81.000 mo,"0,5 kg",Guida alle Classi
63,Pozzo dei Mondi,Oggetto Maggiore Superiore Senza Slot,Nessuno,82.000 mo,-,Manuale di Gioco
64-65,Manuale della Salute +3,Oggetto Maggiore Superiore Senza Slot,Nessuno,82.500 mo,"2,5 kg",Manuale di Gioco
66-67,Manuale dell'Esercizio Fisico +3,Oggetto Maggiore Superiore Senza Slot,Nessuno,82.500 mo,"2,5 kg",Manuale di Gioco
68-69,Manuale della VelocitÃ di Azione +3,Oggetto Maggiore Superiore Senza Slot,Nessuno,82.500 mo,"2,5 kg",Manuale di Gioco
70-71,Tomo del Chiaro Pensiero +3,Oggetto Maggiore Superiore Senza Slot,Nessuno,82.500 mo,"2,5 kg",Manuale di Gioco
72-73,Tomo del Comando e dell'Influenza +3,Oggetto Maggiore Superiore Senza Slot,Nessuno,82.500 mo,"2,5 kg",Manuale di Gioco
74-75,Tomo della Comprensione +3,Oggetto Maggiore Superiore Senza Slot,Nessuno,82.500 mo,"2,5 kg",Manuale di Gioco
-,Trovapreda,Oggetto Maggiore Superiore Senza Slot,Nessuno,85.000 mo,2 kg,Guida alle Classi
76,Apparato del Granchio,Oggetto Maggiore Superiore Senza Slot,Nessuno,90.000 mo,250 kg,Manuale di Gioco
77,Catino dell'Evocazione Elementale dell'Acqua,Oggetto Maggiore Superiore Senza Slot,Nessuno,90.000 mo,"1,5 kg",Guida all'Equipaggiamento
78,Braciere dell'Evocazione Elementale del Fuoco,Oggetto Maggiore Superiore Senza Slot,Nessuno,90.000 mo,"2,5 kg",Guida all'Equipaggiamento
79,Incensiere dell'Evocazione Elementale dell'Aria,Oggetto Maggiore Superiore Senza Slot,Nessuno,90.000 mo,"0,5 kg",Guida all'Equipaggiamento
80,Pietra dell'Evocazione Elementale della Terra,Oggetto Maggiore Superiore Senza Slot,Nessuno,90.000 mo,"2,5 kg",Guida all'Equipaggiamento
-,Testa Rimpicciolita,Oggetto Maggiore Superiore Senza Slot,Nessuno o Collo,90.000 mo,"0,5 kg",Avventure Occulte
81,Specchio dell'Antagonismo,Oggetto Maggiore Superiore Senza Slot,Nessuno,92.000 mo,"22,5 Kg",Manuale di Gioco
82,Collana della Preghiera (Superiore),Oggetto Maggiore Superiore Senza Slot,Nessuno,95.800 mo,"0,25 kg",Manuale di Gioco
-,Pietra Runica del Potere (7Â°),Oggetto Maggiore Superiore Senza Slot,Nessuno,98.000 mo,-,Guida alle Classi
83,Stendardo del Signore (Crociate),Oggetto Maggiore Superiore Senza Slot,Nessuno,100.000 mo,"1,5 kg",Guida del Giocatore
84,Manuale della Salute +4,Oggetto Maggiore Superiore Senza Slot,Nessuno,110.000 mo,"2,5 kg",Manuale di Gioco
85,Manuale dell'Esercizio Fisico +4,Oggetto Maggiore Superiore Senza Slot,Nessuno,110.000 mo,"2,5 kg",Manuale di Gioco
86,Manuale della VelocitÃ di Azione +4,Oggetto Maggiore Superiore Senza Slot,Nessuno,110.000 mo,"2,5 kg",Manuale di Gioco
87,Tomo del Chiaro Pensiero +4,Oggetto Maggiore Superiore Senza Slot,Nessuno,110.000 mo,"2,5 kg",Manuale di Gioco
88,Tomo del Comando e dell'Influenza +4,Oggetto Maggiore Superiore Senza Slot,Nessuno,110.000 mo,"2,5 kg",Manuale di Gioco
89,Tomo della Comprensione +4,Oggetto Maggiore Superiore Senza Slot,Nessuno,110.000 mo,"2,5 kg",Manuale di Gioco
-,Pietra Runica del Potere (8Â°),Oggetto Maggiore Superiore Senza Slot,Nessuno,128.000 mo,-,Guida alle Classi
90,Manuale della Salute +5,Oggetto Maggiore Superiore Senza Slot,Nessuno,137.500 mo,"2,5 kg",Manuale di Gioco
91,Manuale dell'Esercizio Fisico +5,Oggetto Maggiore Superiore Senza Slot,Nessuno,137.500 mo,"2,5 kg",Manuale di Gioco
92,Manuale della VelocitÃ di Azione +5,Oggetto Maggiore Superiore Senza Slot,Nessuno,137.500 mo,"2,5 kg",Manuale di Gioco
93,Tomo del Chiaro Pensiero +5,Oggetto Maggiore Superiore Senza Slot,Nessuno,137.500 mo,"2,5 kg",Manuale di Gioco
94,Tomo del Comando e dell'Influenza +5,Oggetto Maggiore Superiore Senza Slot,Nessuno,137.500 mo,"2,5 kg",Manuale di Gioco
95,Tomo della Comprensione +5,Oggetto Maggiore Superiore Senza Slot,Nessuno,137.500 mo,"2,5 kg",Manuale di Gioco
96,Ampolla dell'Efreeti,Oggetto Maggiore Superiore Senza Slot,Nessuno,145.000 mo,"0,5 kg",Manuale di Gioco
97,Cubo dei Portali,Oggetto Maggiore Superiore Senza Slot,Nessuno,164.000 mo,1 kg,Manuale di Gioco
-,Pietra Runica del Potere (9Â°),Oggetto Maggiore Superiore Senza Slot,Nessuno,162.000 mo,-,Guida alle Classi
98,Ampolla di Ferro,Oggetto Maggiore Superiore Senza Slot,Nessuno,170.000 mo,"0,5 kg",Manuale di Gioco
99,Specchio della Prodezza Mentale,Oggetto Maggiore Superiore Senza Slot,Nessuno,175.000 mo,20 Kg,Guida all'Equipaggiamento
-,Schifo Volante,Oggetto Maggiore Superiore Senza Slot,Nessuno,180.000 mo,1.250 kg,Avventure Occulte
100,Specchio Imprigionante,Oggetto Maggiore Superiore Senza Slot,Nessuno,200.000 mo,25 Kg,Manuale di Gioco
